﻿pos_x,pos_y,rotation,side,designator,mpn,pack,value,mount_type,place
86.9,-61.5,180.0,top,C1,,C_0603_1608Metric,10uF,smt,True
87.65,-63.975,90.0,top,C2,,C_0603_1608Metric,10uF,smt,True
79.05,-63.7,180.0,top,D3,,Diode_Bridge_Diotec_ABS,ABS2,smt,True
83.8,-65.45,0.0,top,J1,,TestPoint_THTPad_1.0x1.0mm_Drill0.5mm,12,tht,True
79.8,-59.8,0.0,top,J2,,TestPoint_THTPad_1.0x1.0mm_Drill0.5mm,G,tht,True
89.95,-59.4,0.0,top,J3,,TestPoint_THTPad_1.0x1.0mm_Drill0.5mm,3,tht,True
84.05,-59.8,0.0,top,J4,,TestPoint_THTPad_1.0x1.0mm_Drill0.5mm,G,tht,True
85.85,-65.45,0.0,top,J5,,TestPoint_THTPad_1.0x1.0mm_Drill0.5mm,12,tht,True
84.05,-61.85,0.0,top,J6,,TestPoint_THTPad_1.0x1.0mm_Drill0.5mm,G,tht,True
87.9,-59.4,0.0,top,J7,,TestPoint_THTPad_1.0x1.0mm_Drill0.5mm,3,tht,True
81.85,-59.8,0.0,top,J8,,TestPoint_THTPad_1.0x1.0mm_Drill0.5mm,G,tht,True
74.15,-65.45,0.0,top,T1,,TestPoint_THTPad_1.0x1.0mm_Drill0.5mm,T1,tht,True
74.1,-62.0,0.0,top,T2,,TestPoint_THTPad_1.0x1.0mm_Drill0.5mm,T2,tht,True
91.3,-63.0,0.0,top,U2,,SOT-89-3,AP7381-33Y-13,smt,True
